dataset,real,name,family,ratio,comp,enc,dec,ok,embedded,neural,cost,pct_of_flac,xchan_gain
synth_sc0.6,False,LMS4+Rice+xchan_jointbp2,cross-channel,2.637096392053824,1456147,0.8088632058681627,0.6407770788003163,True,OK,OK,0.0468,184.9,
synth_sc0.6,False,LMS4+Rice+xscale_sel,cross-channel,2.637096392053824,1456147,0.7924387183081734,0.6552644715962824,True,OK,OK,0.0482,184.9,
synth_sc0.6,False,LMS+Rice+xchan_joint2,cross-channel,2.6360174718533056,1456743,2.488171980420092,1.454802400753514,True,OK,OK,0.0366,184.9,
synth_sc0.6,False,LMS4+Rice+xchan_bestpartner,cross-channel,2.5959820417533965,1479209,4.60179642316264,2.0419040604133336,True,OK,OK,0.0394,182.0,
synth_sc0.6,False,LMS4+Rice+acar_sel+bestpartner,cross-channel,2.5959820417533965,1479209,4.450502232164285,2.139621935390108,True,OK,OK,0.043,182.0,
synth_sc0.6,False,LMS4+Rice+xchan_mst,cross-channel,2.58769523958419,1483946,2.0851694465304633,1.3931134090615522,True,OK,-,0.106,181.5,
synth_sc0.6,False,LMS4+Rice+xchan_bestpartner_adaptive,cross-channel,2.5847046066301713,1485663,1.794598083673125,1.206257601535512,True,OK,OK,0.0387,181.3,
synth_sc0.6,False,LMS4+Rice+xchan_lagbp,cross-channel,2.5846263195728905,1485708,0.5313175615853123,0.44997089547820546,True,OK,-,0.0991,181.2,
synth_sc0.6,False,LMS+Rice+xchan,cross-channel,2.571740854246587,1493152,5.153826646427445,2.1036538361838506,True,OK,OK,0.0572,180.3,9.4
synth_sc0.6,False,LMS+Rice+acar,cross-channel,2.5093643727765333,1530268,5.075754834602644,2.082525979408661,True,OK,OK,0.0559,176.0,
synth_sc0.6,False,delta+Rice+xchan,cross-channel,2.383106752011677,1611342,6.568090933471589,2.258585301805217,True,OK,OK,0.0127,167.1,8.3
synth_sc0.6,False,LMS+Rice,temporal,2.350446707293485,1633732,4.843463357270592,1.9257776188348228,True,OK,OK,0.0523,164.8,
synth_sc0.6,False,wavpack,,2.3466087836500034,1636404,10.070779959245803,inf,True,ref,,,164.6,
synth_sc0.6,False,fixed0-3+Rice,temporal,2.3452200567616543,1637373,2.0441967583031144,2.3146071715795498,True,OK,OK,0.0193,164.5,
synth_sc0.6,False,delta+Rice,temporal,2.2003473569186887,1745179,6.218491831024076,2.193924520342574,True,OK,OK,0.0079,154.3,
synth_sc0.6,False,lzma,,2.163741108376383,1774704,1.2767216282447933,45.68078049329134,True,ref,,,151.7,
synth_sc0.6,False,zstd-19,,2.0053235072481477,1914903,1.4688596341148765,536.0775290905259,True,ref,,,140.6,
synth_sc0.6,False,gzip-9,,1.8075326097240547,2124443,9.682877613450785,205.6895331821676,True,ref,,,126.8,
synth_sc0.6,False,mtscomp,,1.715541735913794,2238360,9.919547714910962,136.2794828145214,True,ref,,,120.3,
synth_sc0.6,False,flac,,1.426014893685762,2692819,12.541608173187123,14.507096024809698,True,ref,,,100.0,
synth_sc0.9,False,LMS4+Rice+xchan_jointbp2,cross-channel,2.6142260189013986,1468886,0.8120718455610915,0.6534091834376569,True,OK,OK,0.0468,195.1,
synth_sc0.9,False,LMS4+Rice+xscale_sel,cross-channel,2.6142260189013986,1468886,0.8101095171676466,0.6321390656242281,True,OK,OK,0.0482,195.1,
synth_sc0.9,False,LMS+Rice+xchan_joint2,cross-channel,2.6116213067492047,1470351,2.5552080497006706,1.4533815755691688,True,OK,OK,0.0366,194.9,
synth_sc0.9,False,LMS4+Rice+xchan_bestpartner,cross-channel,2.5617197678708306,1498993,4.5027348538572705,2.1410218391032543,True,OK,OK,0.0394,191.1,
synth_sc0.9,False,LMS4+Rice+acar_sel+bestpartner,cross-channel,2.5617197678708306,1498993,4.592849479239154,2.102328437638689,True,OK,OK,0.043,191.1,
synth_sc0.9,False,LMS4+Rice+xchan_mst,cross-channel,2.5470491043208963,1507627,2.090965888601964,1.279863571236308,True,OK,-,0.106,190.0,
synth_sc0.9,False,LMS4+Rice+xchan_bestpartner_adaptive,cross-channel,2.5439999364000014,1509434,1.8442947155063725,1.2268399702342407,True,OK,OK,0.0387,189.8,
synth_sc0.9,False,LMS4+Rice+xchan_lagbp,cross-channel,2.5439999364000014,1509434,0.5419879303711166,0.4742070404402377,True,OK,-,0.0991,189.8,
synth_sc0.9,False,LMS+Rice+xchan,cross-channel,2.533018289183616,1515978,4.782272403138315,2.1336530244925918,True,OK,OK,0.0572,189.0,19.1
synth_sc0.9,False,LMS+Rice+acar,cross-channel,2.4132062713197975,1591244,4.914348127239328,2.0715166469140907,True,OK,OK,0.0559,180.1,
synth_sc0.9,False,delta+Rice+xchan,cross-channel,2.3586557136591964,1628046,6.334505677124115,2.260102937789447,True,OK,OK,0.0127,176.0,17.2
synth_sc0.9,False,LMS+Rice,temporal,2.127030233740682,1805334,4.599593894429634,1.9163526682480168,True,OK,OK,0.0523,158.7,
synth_sc0.9,False,wavpack,,2.12695483212012,1805398,10.29324164143055,inf,True,ref,,,158.7,
synth_sc0.9,False,fixed0-3+Rice,temporal,2.120891945526216,1810559,1.9355912289641024,2.2183563549937406,True,OK,OK,0.0193,158.3,
synth_sc0.9,False,delta+Rice,temporal,2.0133615903039863,1907258,5.8299110869638975,2.1139277851342584,True,OK,OK,0.0079,150.2,
synth_sc0.9,False,lzma,,1.9527356606145423,1966472,1.3838514104826012,42.896776414335655,True,ref,,,145.7,
synth_sc0.9,False,zstd-19,,1.8293545665501565,2099101,1.5725783259748374,327.0892227877752,True,ref,,,136.5,
synth_sc0.9,False,gzip-9,,1.6242899019081176,2364110,12.727452882197724,160.12855654329704,True,ref,,,121.2,
synth_sc0.9,False,mtscomp,,1.5541575332929685,2470792,12.46957160685533,115.55422106606972,True,ref,,,116.0,
synth_sc0.9,False,flac,,1.3402079486197778,2865227,13.209677314662697,16.31139762975824,True,ref,,,100.0,
otb_hdsemg_vl,True,LMS4+Rice+acar_sel+bestpartner,cross-channel,2.1795395722653588,880920,3.504452570350966,1.8101659559301422,True,OK,OK,0.043,177.6,
otb_hdsemg_vl,True,LMS4+Rice+xchan_mst,cross-channel,2.17266336844297,883708,2.2923670186187737,1.4415503488387211,True,OK,-,0.106,177.0,
otb_hdsemg_vl,True,LMS4+Rice+xchan_bestpartner,cross-channel,2.161938177576197,888092,3.631581723616556,1.799754707493942,True,OK,OK,0.0394,176.1,
otb_hdsemg_vl,True,LMS4+Rice+xscale_sel,cross-channel,2.161938177576197,888092,3.7747186418109044,1.6172593908713702,True,OK,OK,0.0482,176.1,
otb_hdsemg_vl,True,LMS4+Rice+xchan_bestpartner_adaptive,cross-channel,2.153106023650524,891735,1.4388290873636067,1.0060049499101575,True,OK,OK,0.0387,175.4,
otb_hdsemg_vl,True,LMS4+Rice+xchan_jointbp2,cross-channel,2.1522443873501835,892092,0.7045734812909233,0.5712218494714221,True,OK,OK,0.0468,175.3,
otb_hdsemg_vl,True,LMS+Rice+xchan_joint2,cross-channel,2.1496756452945616,893158,2.3131480425048956,1.3850040976681581,True,OK,OK,0.0366,175.1,
otb_hdsemg_vl,True,LMS+Rice+xchan,cross-channel,2.142618011382658,896100,4.182024935427516,1.8925443705395268,True,OK,OK,0.0572,174.6,17.4
otb_hdsemg_vl,True,LMS+Rice+acar,cross-channel,2.0889341974847926,919129,4.259571772472173,1.8748912617991382,True,OK,OK,0.0559,170.2,
otb_hdsemg_vl,True,LMS4+Rice+xchan_lagbp,cross-channel,2.055296026855868,934172,0.5387647364761685,0.4570284999068818,True,OK,-,0.0991,167.4,
otb_hdsemg_vl,True,delta+Rice+xchan,cross-channel,2.0409551670181645,940736,5.718049773709648,2.116931211529573,True,OK,OK,0.0127,166.3,16.2
otb_hdsemg_vl,True,wavpack,,1.8523270823725995,1036534,10.019285402322913,inf,True,ref,,,150.9,
otb_hdsemg_vl,True,LMS+Rice,temporal,1.8253518555842456,1051852,3.883105437043035,1.7759471922545387,True,OK,OK,0.0523,148.7,
otb_hdsemg_vl,True,fixed0-3+Rice,temporal,1.8248001748766833,1052170,1.7295641122801264,2.0265797759321127,True,OK,OK,0.0193,148.7,
otb_hdsemg_vl,True,delta+Rice,temporal,1.757117010265407,1092699,5.525361501378154,2.026055036106768,True,OK,OK,0.0079,143.2,
otb_hdsemg_vl,True,lzma,,1.5826384561361861,1213164,2.6941083718480336,25.635820076762467,True,ref,,,128.9,
otb_hdsemg_vl,True,mtscomp,,1.4852737429130396,1292691,14.095983294536914,118.95873191410158,True,ref,,,121.0,
otb_hdsemg_vl,True,zstd-19,,1.4390106801573919,1334250,3.169325241939084,379.3957293042938,True,ref,,,117.2,
otb_hdsemg_vl,True,gzip-9,,1.3274308750742358,1446403,23.675686889606645,150.47584459476766,True,ref,,,108.1,
otb_hdsemg_vl,True,flac,,1.227415867674341,1564262,12.259920975460146,14.430878616504925,True,ref,,,100.0,
hyser_1dof_f1_s1,True,lzma,,1.6674366981974313,2302936,2.8976799989201023,28.959859801702006,True,ref,,,170.6,
hyser_1dof_f1_s1,True,LMS4+Rice+xchan_jointbp2,cross-channel,1.496924288376227,2565260,0.5826199282794298,0.4767550823832464,True,OK,OK,0.0468,153.2,
hyser_1dof_f1_s1,True,LMS4+Rice+xscale_sel,cross-channel,1.496924288376227,2565260,0.5785642851718887,0.4850092009756778,True,OK,OK,0.0482,153.2,
hyser_1dof_f1_s1,True,LMS+Rice+xchan_joint2,cross-channel,1.4930027161762955,2571998,1.9845592576303583,1.1806515669797357,True,OK,OK,0.0366,152.7,
hyser_1dof_f1_s1,True,LMS4+Rice+xchan_mst,cross-channel,1.483074986047895,2589215,1.9931991049938642,1.1456310931783027,True,OK,-,0.106,151.7,
hyser_1dof_f1_s1,True,LMS4+Rice+xchan_bestpartner,cross-channel,1.4803843293608403,2593921,2.8087092018998545,1.5761239452213627,True,OK,OK,0.0394,151.5,
hyser_1dof_f1_s1,True,LMS4+Rice+acar_sel+bestpartner,cross-channel,1.4803843293608403,2593921,2.8762698612530473,1.5761843224884233,True,OK,OK,0.043,151.5,
hyser_1dof_f1_s1,True,LMS4+Rice+xchan_bestpartner_adaptive,cross-channel,1.4770202194067379,2599829,1.2308245492316656,0.8616105662195658,True,OK,OK,0.0387,151.1,
hyser_1dof_f1_s1,True,LMS4+Rice+xchan_lagbp,cross-channel,1.4762547877364747,2601177,0.502610259985408,0.44418665008009023,True,OK,-,0.0991,151.0,
hyser_1dof_f1_s1,True,LMS+Rice+xchan,cross-channel,1.473818987394242,2605476,3.5537528683467796,1.568688484368841,True,OK,OK,0.0572,150.8,10.8
hyser_1dof_f1_s1,True,delta+Rice+xchan,cross-channel,1.451551080611738,2645446,4.225992061238836,1.6717387983670056,True,OK,OK,0.0127,148.5,10.9
hyser_1dof_f1_s1,True,zstd-19,,1.4398826495640604,2666884,4.336671981997108,377.5218756244038,True,ref,,,147.3,
hyser_1dof_f1_s1,True,mtscomp,,1.4145251100308984,2714692,20.125197596426695,112.5976872901693,True,ref,,,144.7,
hyser_1dof_f1_s1,True,gzip-9,,1.3788700375490728,2784889,28.86670185501846,151.7578898886787,True,ref,,,141.1,
hyser_1dof_f1_s1,True,LMS+Rice+acar,cross-channel,1.3632998957998648,2816695,3.3426652858814854,1.410225819769135,True,OK,OK,0.0559,139.5,
hyser_1dof_f1_s1,True,wavpack,,1.336608953469997,2872942,10.10169861403916,inf,True,ref,,,136.7,
hyser_1dof_f1_s1,True,LMS+Rice,temporal,1.3299921897594065,2887235,3.211222312135226,1.4911365955398803,True,OK,OK,0.0523,136.1,
hyser_1dof_f1_s1,True,fixed0-3+Rice,temporal,1.3100566292447626,2931171,1.2882257223043616,1.6371243708513503,True,OK,OK,0.0193,134.0,
hyser_1dof_f1_s1,True,delta+Rice,temporal,1.3090031463799585,2933530,4.130183895448065,1.6612980004736662,True,OK,OK,0.0079,133.9,
hyser_1dof_f1_s1,True,flac,,0.9774230546608571,3928698,12.63347962113505,15.399835555448318,True,ref,,,100.0,
capgmyo_dba_s1,True,LMS4+Rice+xchan_lagbp,cross-channel,1.3577578891390683,2828192,0.479628634459888,0.4281320862574365,True,OK,-,0.0991,138.0,
capgmyo_dba_s1,True,LMS4+Rice+xchan_mst,cross-channel,1.3529015510452573,2838344,1.9030251602011399,1.1502899901734374,True,OK,-,0.106,137.5,
capgmyo_dba_s1,True,LMS4+Rice+xchan_bestpartner_adaptive,cross-channel,1.3528662797375157,2838418,1.163503267677033,0.8311309947398692,True,OK,OK,0.0387,137.5,
capgmyo_dba_s1,True,LMS4+Rice+xchan_bestpartner,cross-channel,1.3504802117721781,2843433,3.050425281515048,1.5278267380818882,True,OK,OK,0.0394,137.2,
capgmyo_dba_s1,True,LMS4+Rice+acar_sel+bestpartner,cross-channel,1.3504802117721781,2843433,3.072639480186778,1.5849719164088463,True,OK,OK,0.043,137.2,
capgmyo_dba_s1,True,LMS+Rice+xchan_joint2,cross-channel,1.3504407923148665,2843516,1.9995537475094352,1.1142779418985997,True,OK,OK,0.0366,137.2,
capgmyo_dba_s1,True,LMS4+Rice+xchan_jointbp2,cross-channel,1.3502874107852096,2843839,0.5589261279526665,0.45707744342956447,True,OK,OK,0.0468,137.2,
capgmyo_dba_s1,True,LMS4+Rice+xscale_sel,cross-channel,1.3502874107852096,2843839,0.5403325793545126,0.4524002294750612,True,OK,OK,0.0482,137.2,
capgmyo_dba_s1,True,LMS+Rice+xchan,cross-channel,1.34930194707082,2845916,3.583585923335814,1.4961953727116766,True,OK,OK,0.0572,137.1,1.3
capgmyo_dba_s1,True,wavpack,,1.3471698907529417,2850420,9.739769885963874,inf,True,ref,,,136.9,
capgmyo_dba_s1,True,LMS+Rice+acar,cross-channel,1.3322596615713518,2882321,3.4398492384305035,1.5434108402559568,True,OK,OK,0.0559,135.4,
capgmyo_dba_s1,True,LMS+Rice,temporal,1.3322587371366776,2882323,3.35197536176597,1.521304259876016,True,OK,OK,0.0523,135.4,
capgmyo_dba_s1,True,delta+Rice+xchan,cross-channel,1.29002608271486,2976684,4.070921516800309,1.700061500831512,True,OK,OK,0.0127,131.1,1.2
capgmyo_dba_s1,True,delta+Rice,temporal,1.2748009368458968,3012235,4.137176401023791,1.6215166393755684,True,OK,OK,0.0079,129.6,
capgmyo_dba_s1,True,fixed0-3+Rice,temporal,1.2743178168546452,3013377,1.2710560947337433,1.5821924712024198,True,OK,OK,0.0193,129.5,
capgmyo_dba_s1,True,lzma,,1.17316817732437,3273188,2.78661060570206,18.51875786203003,True,ref,,,119.2,
capgmyo_dba_s1,True,mtscomp,,1.1395950520207334,3369618,23.18078931208241,106.78679587952396,True,ref,,,115.8,
capgmyo_dba_s1,True,zstd-19,,1.1177226865978356,3435557,4.783118557029215,606.22201649728,True,ref,,,113.6,
capgmyo_dba_s1,True,gzip-9,,1.114945996255059,3444113,31.265974704527856,157.85065938193955,True,ref,,,113.3,
capgmyo_dba_s1,True,flac,,0.9840040405665916,3902423,11.701861900616839,13.541066839789034,True,ref,,,100.0,
cemhsey_s1_d1t1,True,lzma,,2.0589247094128034,4662628,1.631890280460821,34.36915769067608,True,ref,,,175.8,
cemhsey_s1_d1t1,True,LMS4+Rice+xchan_mst,cross-channel,1.9574495329749706,4904341,1.9167137498081803,1.2000931329275624,True,OK,-,0.106,167.1,
cemhsey_s1_d1t1,True,LMS4+Rice+xchan_bestpartner,cross-channel,1.955547153945561,4909112,4.037291828749391,1.8954466853924679,True,OK,OK,0.0394,166.9,
cemhsey_s1_d1t1,True,LMS4+Rice+acar_sel+bestpartner,cross-channel,1.955547153945561,4909112,4.0447641991770995,1.9156023685000798,True,OK,OK,0.043,166.9,
cemhsey_s1_d1t1,True,LMS+Rice+xchan,cross-channel,1.955106677544663,4910218,4.53483291465308,1.8939636341929174,True,OK,OK,0.0572,166.9,13.1
cemhsey_s1_d1t1,True,LMS+Rice+xchan_joint2,cross-channel,1.954269682294785,4912321,2.330049027289594,1.3431683376197325,True,OK,OK,0.0366,166.8,
cemhsey_s1_d1t1,True,LMS4+Rice+xchan_bestpartner_adaptive,cross-channel,1.9539478906521912,4913130,1.5519798279455965,1.0353221052963695,True,OK,OK,0.0387,166.8,
cemhsey_s1_d1t1,True,LMS4+Rice+xchan_lagbp,cross-channel,1.9531615581997384,4915108,0.5293887142357038,0.45630607261531164,True,OK,-,0.0991,166.7,
cemhsey_s1_d1t1,True,LMS4+Rice+xchan_jointbp2,cross-channel,1.9522595268739709,4917379,0.7052941504291104,0.5605768278940741,True,OK,OK,0.0468,166.7,
cemhsey_s1_d1t1,True,LMS4+Rice+xscale_sel,cross-channel,1.9522595268739709,4917379,0.6637704324371035,0.574298359199301,True,OK,OK,0.0482,166.7,
cemhsey_s1_d1t1,True,delta+Rice+xchan,cross-channel,1.88236696665583,5099962,5.483102214148888,2.062332090520057,True,OK,OK,0.0127,160.7,12.2
cemhsey_s1_d1t1,True,zstd-19,,1.853665468992811,5178928,1.9602707171922407,296.16492338692535,True,ref,,,158.2,
cemhsey_s1_d1t1,True,LMS+Rice+acar,cross-channel,1.7434274148512774,5506395,4.389179139768581,1.7257008624774897,True,OK,OK,0.0559,148.8,
cemhsey_s1_d1t1,True,wavpack,,1.731258227985068,5545100,10.016873642772323,inf,True,ref,,,147.8,
cemhsey_s1_d1t1,True,LMS+Rice,temporal,1.729317186314472,5551324,4.168308301701692,1.795894093578182,True,OK,OK,0.0523,147.6,
cemhsey_s1_d1t1,True,fixed0-3+Rice,temporal,1.7087779567643577,5618050,1.6786625160720148,1.9669937941398365,True,OK,OK,0.0193,145.9,
cemhsey_s1_d1t1,True,gzip-9,,1.6930359962379329,5670287,12.544088895443629,176.58524854227875,True,ref,,,144.5,
cemhsey_s1_d1t1,True,mtscomp,,1.6786169036022769,5718994,9.933675641591456,121.49094600090213,True,ref,,,143.3,
cemhsey_s1_d1t1,True,delta+Rice,temporal,1.6779772822850694,5721174,4.4101137587190555,1.969364827025269,True,OK,OK,0.0079,143.2,
cemhsey_s1_d1t1,True,flac,,1.1714421441198424,8195027,12.45164794875453,15.657638429172168,True,ref,,,100.0,
